# 
# ***** BEGIN LICENSE BLOCK *****
# Zimbra Collaboration Suite Web Client
# Copyright (C) 2010, 2011, 2012, 2013, 2014, 2015, 2016 Synacor, Inc.
#
# This program is free software: you can redistribute it and/or modify it under
# the terms of the GNU General Public License as published by the Free Software Foundation,
# version 2 of the License.
#
# This program is distributed in the hope that it will be useful, but WITHOUT ANY WARRANTY;
# without even the implied warranty of MERCHANTABILITY or FITNESS FOR A PARTICULAR PURPOSE.
# See the GNU General Public License for more details.
# You should have received a copy of the GNU General Public License along with this program.
# If not, see <https://www.gnu.org/licenses/>.
# ***** END LICENSE BLOCK *****
# 
# Timezone names
Africa/Algiers = GMT +01:00 Vestul Africii Centrale
America/Asuncion = GMT -04:00 Asuncion  
Africa/Cairo = GMT +02:00 Egipt
Africa/Casablanca = GMT +00:00 Casablanca
Africa/Monrovia = GMT +00:00 Monrovia
Africa/Harare = GMT +02:00 Harare, Pretoria
Africa/Nairobi = GMT +03:00 Nairobi
Africa/Windhoek = GMT +01:00 Namibia
America/Bogota = GMT -05:00 Columbia
America/Argentina/Buenos_Aires = GMT -03:00 Argentina
America/Cancun = GMT -05:00 Cancun, Chetumal
America/Caracas = GMT -04:30 Caracas
America/Cayenne = GMT -03:00 Cayenne, Fortaleza
America/Chihuahua = GMT -07:00 Chihuahua, La Paz, Mazatlan
America/Grand_Turk = GMT -04:00 Insulele Turks \u015fi Caicos
America/Cuiaba = GMT -04:00 Cuiaba
America/Godthab = GMT -03:00 Groenlanda
America/Guatemala = GMT -06:00 America Central\u0103
America/Guyana = GMT -04:00 Georgetown, La Paz, Manaus, San Juan
America/La_Paz = GMT -04:00 La Paz
America/Manaus = GMT -04:00 Manaus
America/Mexico_City = GMT -06:00 Guadalajara, Ciudad de Mexico, Monterrey
America/Montevideo = GMT -03:00 Montevideo
America/Santiago = GMT -03:00 Coasta de vest a Americii de Sud
America/Tijuana = GMT -08:00 Baja California
Asia/Almaty = GMT +06:00 Astana
Asia/Amman = GMT +02:00 Iordania
Asia/Baghdad = GMT +03:00 Irak
Asia/Baku = GMT +04:00 Baku
Asia/Bangkok = GMT +07:00 Bangkok, Hanoi, Jakarta
Asia/Beirut = GMT +02:00 Beirut
Asia/Kolkata = GMT +05:30 Chennai, Kolkata, Mumbai, New Delhi
Asia/Kathmandu = GMT +05:45 Kathmandu
Asia/Colombo = GMT +05:30 Sri Jayawardenepura Kotte
Asia/Damascus = GMT +02:00 Damasc
Asia/Dhaka = GMT +06:00 Dhaka
Asia/Hong_Kong = GMT +08:00 Beijing, Chongqing, Hong Kong, Urumqi
Asia/Irkutsk = GMT +08:00 Irkutsk (RTZ 7)
Asia/Jerusalem = GMT +02:00 Ierusalim
Asia/Kabul = GMT +04:30 Kabul
Asia/Karachi = GMT +05:00 Islamabad, Karachi
Asia/Katmandu = GMT +05:45 Kathmandu
Asia/Krasnoyarsk = GMT +07:00 Krasnoyarsk (RTZ 6)
Asia/Kuala_Lumpur = GMT +08:00 Kuala Lumpur
Asia/Kuwait = GMT +03:00 Kuwait, Riyadh
Asia/Magadan = GMT +10:00 Magadan
Asia/Muscat = GMT +04:00 Abu Dhabi, Muscat
Asia/Novosibirsk = GMT +06:00 Novosibirsk (RTZ 5)
Asia/Rangoon = GMT +06:30 Yangon
Asia/Seoul = GMT +09:00 Coreea
Asia/Taipei = GMT +08:00 Taipei
Asia/Tashkent = GMT +05:00 Ta\u015fkent
Asia/Tbilisi = GMT +04:00 Tbilisi
Asia/Tehran = GMT +03:30 Teheran
Asia/Tokyo = GMT +09:00 Japonia
Asia/Ulaanbaatar = GMT +08:00 Ulaanbaatar
Asia/Pyongyang = GMT +08:30 Pyongyang
Asia/Vladivostok = GMT +10:00 Vladivostok, Magadan (RTZ 9)
Asia/Yakutsk = GMT +09:00 Yakutsk (RTZ 8)
Asia/Yekaterinburg = GMT +05:00 Ekaterinburg (RTZ 4)
Asia/Yerevan = GMT +04:00 Erevan
Atlantic/Azores = GMT -01:00 Insulele Azore
Atlantic/Cape_Verde = GMT -01:00 I-le Capului Verde
Atlantic/South_Georgia = GMT -02:00 Mijlocul Atlanticului
Australia/Adelaide = GMT +09:30 Adelaide
Australia/Brisbane = GMT +10:00 Brisbane
Australia/Darwin = GMT +09:30 Darwin
Australia/Hobart = GMT +10:00 Hobart
Australia/Perth = GMT +08:00 Perth
Australia/Sydney = GMT +10:00 Canberra, Melbourne, Sydney
America/Sao_Paulo = GMT -03:00 Brazilia
America/Halifax = GMT -04:00 ora Atlanticului (Canada)
America/St_Johns = GMT -03:30 Newfoundland
America/Regina = GMT -06:00 Saskatchewan
Etc/GMT-12 = GMT +12:00 GMT+12
Etc/GMT+11 = GMT -11:00 GMT-11

Etc/GMT+12 = GMT -12:00 Linia de schimbare a datei

Etc/GMT+2 = GMT -02:00 GMT-02

UTC = GMT/UTC ora universal\u0103 coordonat\u0103
Europe/Athens = GMT +02:00 Atena, Beirut, Bucure\u015fti, Istanbul
Europe/Belgrade = GMT +01:00 Belgrad, Bratislava, Budapesta, Ljubljana, Praga
Europe/Berlin = GMT +01:00 Amsterdam, Berlin, Berna, Roma, Stockholm, Viena
Europe/Brussels = GMT +01:00 Bruxelles, Copenhagen, Madrid, Paris
Europe/Helsinki = GMT +02:00 Helsinki, Kiev, Riga, Sofia, Tallinn, Vilnius
Europe/Istanbul = GMT +02:00 Istanbul
Europe/Kaliningrad = GMT +02:00 Kaliningrad (RTZ 1)
Europe/London = GMT +00:00 Marea Britanie, Irlanda, Portugalia
Europe/Minsk = GMT +03:00 Minsk
Europe/Moscow = GMT +03:00 Moscova, Skt. Petersburg, Volgograd (RTZ 2)
Europe/Warsaw = GMT +01:00 Sarajevo, Skopje, Var\u015fovia, Zagreb
Indian/Mauritius = GMT +04:00 Port Louis
Pacific/Auckland = GMT +12:00 Noua Zeeland\u0103
Pacific/Fiji = GMT +12:00 Fiji
Pacific/Guadalcanal = GMT +11:00 Ins. Solomon / Noua Caledonie
Pacific/Guam = GMT +10:00 Guam, Port Moresby
Pacific/Midway = GMT -11:00 Samoa
Pacific/Tongatapu = GMT +13:00 Nuku'alofa
America/Anchorage = GMT -09:00 Alaska
America/Phoenix = GMT -07:00 Arizona
America/Chicago = GMT -06:00 Centrul SUA/Canadei
America/Indiana/Indianapolis = GMT -05:00 Indiana (est)
America/New_York = GMT -05:00 Estul SUA/Canadei
Pacific/Honolulu = GMT -10:00 Hawaii
America/Denver = GMT -07:00 Mun\u0163ii SUA/Canadei
America/Fort_Nelson = GMT -07:00 Fort Nelson
America/Los_Angeles = GMT -08:00 Coasta de vest a SUA/Canadei
Europe/Samara = GMT +04:00 Ijevsk, Samara (RTZ 3)
Europe/Bucharest = GMT +02:00 Bucure\u0219ti
America/Bahia = GMT -03:00 Salvador
Asia/Srednekolymsk = GMT +11:00 Ciokurdah (RTZ 10)
Pacific/Kiritimati = GMT +14:00 Insula Kiritimati
Africa/Tripoli = GMT +02:00 Tripoli
Pacific/Apia = GMT +13:00 Samoa
Asia/Kamchatka = GMT +12:00 Anad\u00eer, Petropavlovsk-Kamceatski (RTZ 11)
Asia/Singapore = GMT +08:00 Singapore
Pacific/Bougainville = GMT +11:00 Ora standard \u00een Bougainville
