# 
# ***** BEGIN LICENSE BLOCK *****
# Zimbra Collaboration Suite Web Client
# Copyright (C) 2005, 2006, 2007, 2008, 2009, 2010, 2011, 2012, 2013, 2014, 2015, 2016 Synacor, Inc.
#
# This program is free software: you can redistribute it and/or modify it under
# the terms of the GNU General Public License as published by the Free Software Foundation,
# version 2 of the License.
#
# This program is distributed in the hope that it will be useful, but WITHOUT ANY WARRANTY;
# without even the implied warranty of MERCHANTABILITY or FITNESS FOR A PARTICULAR PURPOSE.
# See the GNU General Public License for more details.
# You should have received a copy of the GNU General Public License along with this program.
# If not, see <https://www.gnu.org/licenses/>.
# ***** END LICENSE BLOCK *****
# 
# Timezone names
Africa/Algiers = GMT +01:00 \u00c0frica occidental i central
America/Asuncion = GMT -04:00 Asunci\u00f3n
Africa/Cairo = GMT +02:00 Egipte
Africa/Casablanca = GMT +00:00 Casablanca
Africa/Monrovia = GMT +00:00 Monr\u00f2via
Africa/Harare = GMT +02:00 Harare, Pret\u00f2ria
Africa/Nairobi = GMT +03:00 Nairobi
Africa/Windhoek = GMT +01:00 Nam\u00edbia
America/Bogota = GMT -05:00 Col\u00f2mbia
America/Argentina/Buenos_Aires = GMT -03:00 Argentina
America/Cancun = GMT -05:00 Cancun, Chetumal
America/Caracas = GMT -04:00 Caracas
America/Cayenne = GMT -03:00 Caiena, Fortaleza
America/Chihuahua = GMT -07:00 Chihuahua, La Paz, Mazatl\u00e1n
America/Grand_Turk = GMT -04:00 Illes Turks i Caicos
America/Cuiaba = GMT -04:00 Cuiab\u00e1
America/Godthab = GMT -03:00 Groenl\u00e0ndia
America/Guatemala = GMT -06:00 Am\u00e8rica Central
America/Guyana = GMT -04:00 Georgetown, La Paz, Manaos, San Juan
America/La_Paz = GMT -04:00 La Paz
America/Manaus = GMT -04:00 Manaus
America/Mexico_City = GMT -06:00 Guadalajara, Ciudad de M\u00e9xico, Monterrey
America/Montevideo = GMT -03:00 Montevideo
America/Santiago = GMT -04:00 Am\u00e8rica del Sud - Costa del Pac\u00edfic
America/Tijuana = GMT -08:00 Baixa Calif\u00f2rnia
Asia/Almaty = GMT +06:00 Astan\u00e0
Asia/Amman = GMT +02:00 Jord\u00e0nia
Asia/Baghdad = GMT +03:00 Irak
Asia/Baku = GMT +04:00 Bak\u00fa
Asia/Bangkok = GMT +07:00 Bangkok, Hanoi, Jakarta
Asia/Beirut = GMT +02:00 Beirut
Asia/Kolkata = GMT +05:30 Chennai, Calcuta, Bombai, Nova Delhi
Asia/Kathmandu = GMT +05:45 Katmand\u00fa
Asia/Colombo = GMT +05:30 Sri Jayawardenepura Kotte
Asia/Damascus = GMT +02:00 Damasc
Asia/Dhaka = GMT +06:00 Dacca
Asia/Hong_Kong = GMT +08:00 Pequ\u00edn, Txungking, Hong Kong, \u00dcr\u00fcmqi
Asia/Irkutsk = GMT +08:00 Irkutsk (RTZ 7)
Asia/Jerusalem = GMT +02:00 Jerusalem
Asia/Kabul = GMT +04:30 Kabul
Asia/Karachi = GMT +05:00 Islamabad, Karachi
Asia/Katmandu = GMT +05:45 Katmand\u00fa
Asia/Krasnoyarsk = GMT +07:00 Krasnoiarsk (RTZ 6)
Asia/Kuala_Lumpur = GMT +08:00 Kuala Lumpur
Asia/Kuwait = GMT +03:00 Kuwait, Riad
Asia/Magadan = GMT +11:00 Magadan
Asia/Muscat = GMT +04:00 Abu Dhabi, Masqat
Asia/Novosibirsk = GMT +07:00 Novosibirsk (RTZ 5)
Asia/Rangoon = GMT +06:30 Yangon
Asia/Seoul = GMT +09:00 Corea
Asia/Taipei = GMT +08:00 Taipei
Asia/Tashkent = GMT +05:00 Taixkent
Asia/Tbilisi = GMT +04:00 Tbilissi
Asia/Tehran = GMT +03:30 Teheran
Asia/Tokyo = GMT +09:00 Jap\u00f3
Asia/Ulaanbaatar = GMT +08:00 Ulan Bator
Asia/Pyongyang = GMT +08:30 Pyongyang
Asia/Vladivostok = GMT +10:00 Vladivostok, Magadan (RTZ 9)
Asia/Yakutsk = GMT +09:00 Iakutsk (RTZ 8)
Asia/Yekaterinburg = GMT +05:00 Iekaterinburg (RTZ 4)
Asia/Yerevan = GMT +04:00 Erevan
Atlantic/Azores = GMT -01:00 A\u00e7ores
Atlantic/Cape_Verde = GMT -01:00 Illes Cap Verd
Atlantic/South_Georgia = GMT -02:00 Regi\u00f3 de l\u2019Atl\u00e1ntic Central
Australia/Adelaide = GMT +09:30 Adelaida
Australia/Brisbane = GMT +10:00 Brisbane
Australia/Darwin = GMT +09:30 Darwin
Australia/Hobart = GMT +10:00 Hobart
Australia/Perth = GMT +08:00 Perth
Australia/Sydney = GMT +10:00 Canberra, Melbourne, Sidney
America/Sao_Paulo = GMT -03:00 Bras\u00edlia
America/Halifax = GMT -04:00 Hora de l\u2019Atl\u00e0ntic (Canad\u00e0)
America/St_Johns = GMT -03:30 Terranova
America/Regina = GMT -06:00 Saskatchewan
Etc/GMT-12 = GMT +12:00 GMT+12
Etc/GMT+11 = GMT -11:00 GMT-11
Etc/GMT+12 = GMT -12:00 L\u00ednia de canvi de data
Etc/GMT+2 = GMT -02:00 GMT-02
UTC = GMT/UTC Temps universal coordinat
Europe/Athens = GMT +02:00 Atenes, Beirut, Bucarest, Istanbul
Europe/Belgrade = GMT +01:00 Belgrad, Bratislava, Budapest, Ljubljana, Praga
Europe/Berlin = GMT +01:00 Amsterdam, Berl\u00edn, Berna, Roma, Estocolm, Viena
Europe/Brussels = GMT +01:00 Brussel\u00b7les, Copenhague, Madrid, Par\u00eds
Europe/Helsinki = GMT +02:00 Helsinki, K\u00edev, Riga, Sofia, Tallinn, V\u00edlnius
Europe/Istanbul = GMT +03:00 Istanbul
Europe/Kaliningrad = GMT +02:00 Kaliningrad (RTZ 1)
Europe/London = GMT +00:00 Gran Bretanya, Irlanda, Portugal
Europe/Minsk = GMT +03:00 Minsk
Europe/Moscow = GMT +03:00 Moscou, Sant Petersburg, Volgograd (RTZ 2)
Europe/Warsaw = GMT +01:00 Sarajevo, Skopje, Vars\u00f2via, Zagreb
Indian/Mauritius = GMT +04:00 Port Louis
Pacific/Auckland = GMT +12:00 Nova Zelanda
Pacific/Fiji = GMT +12:00 Fiji
Pacific/Guadalcanal = GMT +11:00 Salom\u00f3 / Nova Caled\u00f2nia
Pacific/Guam = GMT +10:00 Guam, Port Moresby
Pacific/Midway = GMT -11:00 Samoa
Pacific/Tongatapu = GMT +13:00 Nuku\u2019alofa
America/Anchorage = GMT -09:00 Alaska
America/Phoenix = GMT -07:00 Arizona
America/Chicago = GMT -06:00 EE. UU./Canad\u00e1 central
America/Indiana/Indianapolis = GMT -05:00 Indiana (Est)
America/New_York = GMT -05:00 EE. UU./Canad\u00e1 oriental
Pacific/Honolulu = GMT -10:00 Hawaii
America/Denver = GMT -07:00 Regi\u00f3 de les muntanyes d\u2019EE. UU./Canad\u00e1
America/Fort_Nelson = GMT -07:00 Fort Nelson
America/Los_Angeles = GMT -08:00 Regi\u00f3 del Pac\u00edfic d\u2019EE. UU./Canad\u00e1
Europe/Samara = GMT +04:00 Izhevsk, Samara (RTZ 3)
Europe/Bucharest = GMT +02:00 Bucarest
America/Bahia = GMT -03:00 Salvador
Asia/Srednekolymsk = GMT +11:00 Chokurdakh (RTZ 10)
Pacific/Kiritimati = GMT +14:00 Illa Kiritimati
Africa/Tripoli = GMT +02:00 Tr\u00edpoli
Pacific/Apia = GMT +13:00 Samoa
Asia/Kamchatka = GMT +12:00 Anadir, Petropavlovsk-Kamchatsky (RTZ 11)
Asia/Singapore = GMT +08:00 Singapur
Pacific/Bougainville = GMT +11:00 Hora est\u00e0ndard de Bougainville
